Name,d17,d18,dD
BERMUDA,0.488166252,0.924931823,8.3823969
M10,-5.152774974,-9.766812975,-66.59969644
M20,-10.38313116,-19.55250252,-144.5242828
M30,-15.71387029,-29.53005135,-224.1521181
M43,-22.7432712,-42.69180013,-329.1403803
M54,-28.85507594,-53.94051942,-422.9175982
UIB-GREENLAND,0,-41.83,-322.29
LSCE-VSAEL,0,-61.05,-475.04
UNIVE-DC,0,-52.4,-407.13
AWI-LDC,0,-49.15,-383.67